[
        {
            "question": "Составьте алгоритм получения из числа 89 числа 24, содержащий не более 5 команд.  Варианты команд:  1 - раздели на 2,  2 - прибавь 1. Запишите только номера команд.",
            "commands": [2, 1, 1, 2, 1],
            "answer": "21121"
        },
        {
            "question": "Запишите последовательность цифр, кодирующую адрес файла karl.htm на сервере april.ru. Варианты:    1) http,  2) karl,  3) /,  4) april,  5) .htm,  6) .ru,  7) ://.",
            "sequence": [7, 1, 3, 4, 5, 6, 2],
            "answer": "7134562"
        },
        {
            "question": "Удалите название одного предмета из списка мебели: пуф, стул, диван, кресло, кровать, тумбочка, оттоманка, полукресло, раскладушка. Какой предмет удалён, если размер нового предложения стал на 20 байт меньше?",
            "answer": "раскладушка"
        },
        {
            "question": "Переведите число 204 из десятичной системы счисления в двоичную. В ответе укажите двоичное число.",
            "answer": "11001100"
        },
        {
            "question": "Определите наименьшее трёхзначное число x, для которого истинно логическое выражение: (x оканчивается на 3) И НЕ (x < 230). Запишите это число.",
            "answer": "230"
        },
        {
            "question": "Напишите наименьшее натуральное число x, для которого истинно высказывание: ((x > 3) И НЕ (x < 4)) ИЛИ (x < 1). Какое это число?",
            "answer": "4"
        },
        {
            "question": "Переведите число 110110 из двоичной системы счисления в десятичную. В ответе напишите полученное число.",
            "answer": "54"
        },
        {
            "question": "Составьте алгоритм получения из числа 14 числа 9, содержащий не более 5 команд.   Варианты команд:  1 - приписать 2,  2 - разделить на 2. Запишите только номера команд.",
            "commands": [2, 1, 2, 2, 2],
            "answer": "21222"
        },
        {
            "question": "Удалите название одного цвета из списка: алый, синий, фуксия, красный, янтарный, оранжевый, фиолетовый, канареечный, баклажановый. Какой цвет удалён, если размер нового предложения стал на 12 байт меньше?",
            "answer": "фуксия"
        },
        {
            "question": "Запишите последовательность цифр, кодирующую адрес файла edu.txt на сервере htm.ru.  1) htm,  2) ://,  3) /,  4) http,  5) .ru,  6) .txt,  7) edu.",
            "answer": "4231567"
        },
        {
            "question": "Статья, набранная на компьютере, содержит 20 страниц, на каждой странице 40 строк, в каждой строке 48 символов. В одном из представлений Unicode каждый символ кодируется двумя байтами. Определите информационный объем статьи в Кбайтах в этом варианте представления Unicode.",
            "answer": "75"
        },
        {
            "question": "Напишите наибольшее целое число x, для которого истинно высказывание:    НЕ (X <= 10) И НЕ (X > 16).",
            "answer": "16"
        },
        {
            "question": " Среди приведенных ниже трех чисел, записанных в различных системах счисления, найдите минимальное и запишите его в ответе в десятичной системе счисления. В ответе запишите только число, основание системы счисления указывать не нужно.        4116, 778, 10000102.",
            "answer": "63"
        }
]





